Summary Date UTC,Utilized,Reserved
9/18/2025,42699,50000
9/17/2025,43166,50000
9/16/2025,43462,50000
9/15/2025,43184,50000
9/14/2025,36983,50000
9/13/2025,39135,50000
9/12/2025,44186,50000
9/11/2025,43557,50000
9/10/2025,43865,50000
9/9/2025,43281,50000
9/8/2025,41686,50000
9/7/2025,36532,50000
9/6/2025,38761,50000
9/5/2025,41495,50000
9/4/2025,42287,50000
9/3/2025,43944,50000
9/2/2025,43784,50000
9/1/2025,39543,50000
8/31/2025,37089,50000
8/30/2025,39734,50000
8/29/2025,44592,50000
8/28/2025,43936,50000
8/27/2025,43923,50000
8/26/2025,43960,50000
8/25/2025,43319,50000
8/24/2025,37125,50000
8/23/2025,38574,50000
8/22/2025,43965,50000
8/21/2025,43305,50000
8/20/2025,43393,50000
8/19/2025,42615,50000
8/18/2025,42838,50000
8/17/2025,36748,50000
8/16/2025,38834,50000
8/15/2025,43228,50000
8/14/2025,42702,50000
8/13/2025,43036,50000
8/12/2025,42982,50000
8/11/2025,41557,50000
8/10/2025,36981,50000
8/9/2025,39433,50000
8/8/2025,43121,50000
8/7/2025,43369,50000
8/6/2025,44432,50000
8/5/2025,44644,50000
8/4/2025,44724,50000
8/3/2025,39092,50000
8/2/2025,41754,50000
8/1/2025,47681,50000
7/31/2025,47930,50000
7/30/2025,47033,50000
7/29/2025,45726,50000
7/28/2025,46371,50000
7/27/2025,40852,50000
7/26/2025,43094,50000
7/25/2025,48068,50000
7/24/2025,46320,50000
7/23/2025,45795,50000
7/22/2025,45330,50000
7/21/2025,45262,50000
7/20/2025,39768,50000
7/19/2025,41872,50000
7/18/2025,44427,50000
7/17/2025,45918,50000
7/16/2025,45738,50000
7/15/2025,45658,50000
7/14/2025,44534,50000
7/13/2025,39481,50000
7/12/2025,40452,50000
7/11/2025,44944,50000
7/10/2025,44464,50000
7/9/2025,44348,50000
7/8/2025,44630,50000
7/7/2025,44298,50000
7/6/2025,38328,50000
7/5/2025,38844,50000
7/4/2025,40775,50000
7/3/2025,45545,50000
7/2/2025,45003,50000
7/1/2025,46449,50040
6/30/2025,43465,50000
6/29/2025,37101,50000
6/28/2025,39186,50000
6/27/2025,43895,50000
6/26/2025,43404,50000
6/25/2025,43415,50000
6/24/2025,43117,50000
6/23/2025,43131,50000
6/22/2025,36475,50000
6/21/2025,39233,50000
6/20/2025,42912,50000
6/19/2025,41203,50000
6/18/2025,43206,50000
6/17/2025,43131,50000
6/16/2025,41186,50000
6/15/2025,37407,50000
6/14/2025,39274,50000
6/13/2025,44733,50000
6/12/2025,42821,50000
6/11/2025,43530,50000
6/10/2025,43604,50000
6/9/2025,42644,50000
6/8/2025,37507,50000
6/7/2025,37731,50000
6/6/2025,42233,50000
6/5/2025,43670,50000
6/4/2025,43870,50000
6/3/2025,44564,50000
6/2/2025,44468,50000
6/1/2025,39306,50000
5/31/2025,40201,50000
5/30/2025,44879,50000
5/29/2025,44890,50000
5/28/2025,44705,50000
5/27/2025,42523,50000
5/26/2025,39507,50000
5/25/2025,37070,50000
5/24/2025,39442,50000
5/23/2025,43600,50000
5/22/2025,42752,50000
5/21/2025,41901,50000
5/20/2025,42303,50000
5/19/2025,41156,50000
5/18/2025,35688,50000
5/17/2025,37840,50000
5/16/2025,42507,50000
5/15/2025,42017,50000
5/14/2025,42552,50000
5/13/2025,41612,50000
5/12/2025,41147,50000
5/11/2025,35686,50000
5/10/2025,38299,50000
5/9/2025,42567,50000
5/8/2025,42206,50000
5/7/2025,42281,50000
5/6/2025,42206,50000
5/5/2025,40380,50000
5/4/2025,35391,50000
5/3/2025,37928,50000
5/2/2025,41105,50000
5/1/2025,44241,50000
4/30/2025,43062,50000
4/29/2025,41882,50000
4/28/2025,40741,50000
4/27/2025,35085,50000
4/26/2025,37329,50000
4/25/2025,42035,50000
4/24/2025,41976,50000
4/23/2025,41714,50000
4/22/2025,41130,50000
4/21/2025,39634,50000
4/20/2025,34279,50000
4/19/2025,37056,50000
4/18/2025,41469,50000
4/17/2025,41713,50000
4/16/2025,41515,50000
4/15/2025,42070,50000
4/14/2025,40151,50000
4/13/2025,35112,50000
4/12/2025,37680,50000
4/11/2025,41912,50000
4/10/2025,41457,50000
4/9/2025,40787,50000
4/8/2025,41144,50000
4/7/2025,41098,50000
4/6/2025,34858,50000
4/5/2025,38227,50000
4/4/2025,43542,50000
4/3/2025,43649,50000
4/2/2025,42244,50000
4/1/2025,44043,50000
3/31/2025,42802,50000
3/30/2025,36956,50000
3/29/2025,38071,50000
3/28/2025,42749,50000
3/27/2025,42498,50000
3/26/2025,43474,50000
3/25/2025,41199,50000
3/24/2025,39626,50000
3/23/2025,35067,50000
3/22/2025,37140,50000
3/21/2025,40944,50000
3/20/2025,39910,50000
3/19/2025,39402,50000
3/18/2025,39506,50000
3/17/2025,37905,50000
3/16/2025,32959,50000
3/15/2025,35833,50000
3/14/2025,38271,50000
3/13/2025,40042,50000
3/12/2025,40205,50000
3/11/2025,40665,50000
3/10/2025,38072,50000
3/9/2025,34258,50000
3/8/2025,37634,50000
3/7/2025,41773,50000
3/6/2025,41025,50000
3/5/2025,38840,50000
3/4/2025,39610,76620
3/3/2025,38953,76620
3/2/2025,34484,76620
3/1/2025,37293,76620
2/28/2025,40725,76620
2/27/2025,40650,76620
2/26/2025,39874,76620
2/25/2025,38881,76620
2/24/2025,38494,76620
2/23/2025,32910,76620
2/22/2025,35451,76620
2/21/2025,39054,76620
2/20/2025,39408,76620
2/19/2025,39219,76620
2/18/2025,38987,76620
2/17/2025,37245,76620
2/16/2025,33866,76620
2/15/2025,36145,76620
2/14/2025,40124,76620
2/13/2025,38197,76620
2/12/2025,39171,76620
2/11/2025,39316,76620
2/10/2025,38018,76620
2/9/2025,32317,76620
2/8/2025,35155,76620
2/7/2025,39613,76620
2/6/2025,39162,76620
2/5/2025,38673,76620
2/4/2025,39867,76620
2/3/2025,38727,76620
2/2/2025,33259,76620
2/1/2025,36079,76620
1/31/2025,40263,76620
1/30/2025,38830,76620
1/29/2025,38831,76620
1/28/2025,39596,76620
1/27/2025,37765,76620
1/26/2025,32649,76620
1/25/2025,34537,76620
1/24/2025,37358,76620
1/23/2025,37848,76620
1/22/2025,36805,76620
1/21/2025,35690,76620
1/20/2025,33488,76620
1/19/2025,31078,76620
1/18/2025,33339,76620
1/17/2025,37143,76620
1/16/2025,35801,76620
1/15/2025,33883,76620
1/14/2025,33991,76620
1/13/2025,34417,76620
1/12/2025,30387,76620
1/11/2025,31706,76620
1/10/2025,35333,76620
1/9/2025,36338,76620
1/8/2025,35614,76620
1/7/2025,36402,76620
1/6/2025,36237,76620
1/5/2025,32112,76620
1/4/2025,34228,76620
1/3/2025,30462,76620
1/2/2025,25008,76620
1/1/2025,22473,76620
12/31/2024,24453,76620
12/30/2024,24385,26620
12/29/2024,20865,26620
12/28/2024,22126,26620
12/27/2024,24317,26620
12/26/2024,24040,26620
12/25/2024,21081,26620
12/24/2024,23596,26620
12/23/2024,24106,26620
12/22/2024,21261,26620
12/21/2024,22691,26620
12/20/2024,25151,26620
12/19/2024,24596,26620
12/18/2024,32487,26620
12/17/2024,38304,26620
12/16/2024,29412,26620
12/15/2024,21884,26620
12/14/2024,23739,26620
12/13/2024,26188,26620
12/12/2024,26030,26620
12/11/2024,26055,26620
12/10/2024,26047,26620
12/9/2024,25775,26620
12/8/2024,22020,26620
12/7/2024,23683,26620
12/6/2024,26151,26620
12/5/2024,25736,26620
12/4/2024,25744,26620
12/3/2024,25758,26620
12/2/2024,26025,26620
12/1/2024,22986,26620
11/30/2024,23727,26620
11/29/2024,24098,26620
11/28/2024,22605,26620
11/27/2024,25567,26620
11/26/2024,25549,26620
11/25/2024,25299,26620
11/24/2024,21752,26620
11/23/2024,23251,26620
11/22/2024,25763,26620
11/21/2024,26060,26620
11/20/2024,26371,26620
11/19/2024,26400,26620
11/18/2024,25725,26620
11/17/2024,22515,26620
11/16/2024,23187,26620
11/15/2024,25640,26620
11/14/2024,25330,26620
11/13/2024,24921,26620
11/12/2024,24162,26620
11/11/2024,22383,26620
11/10/2024,21068,26620
11/9/2024,22730,26620
11/8/2024,25862,26620
11/7/2024,25836,26620
11/6/2024,24560,26620
11/5/2024,25078,26620
11/4/2024,24759,26620
11/3/2024,20473,26620
11/2/2024,20726,26620
11/1/2024,24176,26620
10/31/2024,23636,26620
10/30/2024,22884,26620
10/29/2024,22948,26620
10/28/2024,23006,26620
10/27/2024,19646,26620
10/26/2024,20481,26620
10/25/2024,22749,26620
10/24/2024,23386,26620
10/23/2024,22822,26620
10/22/2024,23060,26620
10/21/2024,22192,26620
10/20/2024,19051,26620
10/19/2024,20345,26620
10/18/2024,23049,26620
10/17/2024,22326,26620
10/16/2024,23188,26620
10/15/2024,22635,26620
10/14/2024,20035,26620
10/13/2024,17672,26620
10/12/2024,17970,26620
10/11/2024,19930,26620
10/10/2024,21759,26620
10/9/2024,23255,26620
10/8/2024,23350,26620
10/7/2024,23729,26620
10/6/2024,20881,26620
10/5/2024,21418,26620
10/4/2024,24842,26620
10/3/2024,24676,26620
10/2/2024,23826,26620
10/1/2024,24154,26620
9/30/2024,23006,26620
9/29/2024,19706,26620
9/28/2024,21094,26620
9/27/2024,23391,26620
9/26/2024,23017,26620
9/25/2024,22726,26620
9/24/2024,22382,26620
9/23/2024,21954,26620
9/22/2024,19500,26620
9/21/2024,20644,26620
9/20/2024,23441,26620
9/19/2024,23273,26620
9/18/2024,23697,26620
9/17/2024,24052,26620
9/16/2024,23533,26620
9/15/2024,19828,26620
9/14/2024,21173,26620
9/13/2024,24971,26620
9/12/2024,24804,26620
9/11/2024,25503,25820
9/10/2024,25342,25820
9/9/2024,23315,25820
9/8/2024,20189,25820
9/7/2024,21400,25820
9/6/2024,21359,25820
9/5/2024,21282,25820
9/4/2024,21413,25820
9/3/2024,21467,25820
9/2/2024,18803,25820
9/1/2024,18257,25820
8/31/2024,18800,26420
8/30/2024,21206,26420
8/29/2024,20091,26420
8/28/2024,20111,26420
8/27/2024,20334,26420
8/26/2024,19815,26420
8/25/2024,16847,26420
8/24/2024,18226,26420
8/23/2024,20515,26420
8/22/2024,20593,26420
8/21/2024,19897,26420
8/20/2024,20377,26420
8/19/2024,19802,26420
8/18/2024,16771,26420
8/17/2024,18521,26420
8/16/2024,20797,26420
8/15/2024,20968,26420
8/14/2024,20922,26420
8/13/2024,21169,26420
8/12/2024,20927,26420
8/11/2024,17887,26420
8/10/2024,18549,26420
8/9/2024,20879,26420
8/8/2024,21027,26420
8/7/2024,20998,26420
8/6/2024,21070,26420
8/5/2024,21345,26420
8/4/2024,18441,26420
8/3/2024,19086,26420
8/2/2024,21996,26420
8/1/2024,22381,26420
7/31/2024,21715,26620
7/30/2024,21107,26620
7/29/2024,25336,26620
7/28/2024,24220,26620
7/27/2024,24577,26620
7/26/2024,26522,26620
7/25/2024,25914,26620
7/24/2024,25363,26620
7/23/2024,25086,26620
7/22/2024,25080,26620
7/21/2024,21263,26620
7/20/2024,22126,26620
7/19/2024,25259,26620
7/18/2024,25404,26620
7/17/2024,25355,26620
7/16/2024,25246,26620
7/15/2024,27204,26620
7/14/2024,21733,26620
7/13/2024,22999,26620
7/12/2024,27069,26620
7/11/2024,26210,26620
7/10/2024,26354,26620
7/9/2024,25336,26620
7/8/2024,25877,26620
7/7/2024,22784,26620
7/6/2024,23336,26620
7/5/2024,25565,26620
7/4/2024,23207,26620
7/3/2024,26112,26620
7/2/2024,24823,26620
7/1/2024,25668,26620
6/30/2024,21063,26620
6/29/2024,22166,26620
6/28/2024,24534,26620
6/27/2024,24136,26620
6/26/2024,24272,26620
6/25/2024,23200,26620
6/24/2024,23036,26620
6/23/2024,20305,26620
6/22/2024,21278,26620
6/21/2024,23852,26620
6/20/2024,23504,26620
6/19/2024,22692,26620
6/18/2024,23329,26620
6/17/2024,22130,26620
6/16/2024,18402,26620
6/15/2024,20121,26620
6/14/2024,23927,26620
6/13/2024,23728,26620
6/12/2024,23926,26620
6/11/2024,24269,26620
6/10/2024,23650,26620
6/9/2024,20163,26620
6/8/2024,21450,26620
6/7/2024,24568,26620
6/6/2024,23999,26620
6/5/2024,24151,26620
6/4/2024,23753,26620
6/3/2024,23800,26620
6/2/2024,20514,26620
6/1/2024,22305,26620
5/31/2024,23828,26620
5/30/2024,23404,26620
5/29/2024,24213,26620
5/28/2024,24031,26620
5/27/2024,21172,26620
5/26/2024,20106,26620
5/25/2024,21438,26620
5/24/2024,24368,26620
5/23/2024,23891,26620
5/22/2024,25249,26620
5/21/2024,26480,26620
5/20/2024,24565,26620
5/19/2024,21561,26620
5/18/2024,22454,26620
5/17/2024,23119,26620
5/16/2024,23057,26620
5/15/2024,23825,26620
5/14/2024,23892,26620
5/13/2024,23236,26620
5/12/2024,20042,26620
5/11/2024,21621,26620
5/10/2024,23824,26620
5/9/2024,22946,26620
5/8/2024,23948,26620
5/7/2024,24344,26620
5/6/2024,23260,26620
5/5/2024,20165,26620
5/4/2024,21333,26620
5/3/2024,24622,26620
5/2/2024,24614,26620
5/1/2024,24472,26620
4/30/2024,24584,26620
4/29/2024,23669,26620
4/28/2024,20444,26620
4/27/2024,21400,26620
4/26/2024,24494,26620
4/25/2024,25708,26620
4/24/2024,24802,26620
4/23/2024,24646,26620
4/22/2024,23885,26620
4/21/2024,20529,26620
4/20/2024,21547,26620
4/19/2024,21484,26620
4/18/2024,21326,26620
4/17/2024,21915,26620
4/16/2024,22854,26620
4/15/2024,19933,26620
4/14/2024,17158,26620
4/13/2024,17946,26620
4/12/2024,19432,26620
4/11/2024,20517,26620
4/10/2024,22845,26620
4/9/2024,22950,26620
4/8/2024,21822,26620
4/7/2024,18729,26620
4/6/2024,20159,26620
4/5/2024,22766,26620
4/4/2024,22723,26620
4/3/2024,22303,26620
4/2/2024,22460,26620
4/1/2024,21982,26620
3/31/2024,17670,25620
3/30/2024,19279,25620
3/29/2024,21400,26620
3/28/2024,20870,26620
3/27/2024,20782,26620
3/26/2024,21312,26620
3/25/2024,20957,26620
3/24/2024,18651,26620
3/23/2024,19091,26620
3/22/2024,21303,26620
3/21/2024,22038,26620
3/20/2024,21764,26620
3/19/2024,21343,26620
3/18/2024,20720,26620
3/17/2024,18433,26620
3/16/2024,19757,26620
3/15/2024,21448,26620
3/14/2024,21741,26620
3/13/2024,21109,26620
3/12/2024,21881,26620
3/11/2024,21560,26620
3/10/2024,19282,26620
3/9/2024,20595,26620
3/8/2024,22042,26620
3/7/2024,22017,26620
3/6/2024,22337,26620
3/5/2024,22459,26620
3/4/2024,21120,26620
3/3/2024,19076,26620
3/2/2024,20325,26620
3/1/2024,22204,26620
2/29/2024,21669,26620
2/28/2024,21778,26620
2/27/2024,21942,26620
2/26/2024,21000,26620
2/25/2024,18397,26620
2/24/2024,19518,26620
2/23/2024,21571,26620
2/22/2024,20062,26620
2/21/2024,21459,26620
2/20/2024,21307,26620
2/19/2024,20298,26620
2/18/2024,18237,26620
2/17/2024,19895,26620
2/16/2024,22149,26620
2/15/2024,22173,26620
2/14/2024,21833,26620
2/13/2024,21504,26620
2/12/2024,20750,26620
2/11/2024,19035,26620
2/10/2024,19632,26620
2/9/2024,21912,26620
2/8/2024,22633,26620
2/7/2024,23523,26620
2/6/2024,23451,26620
2/5/2024,23312,26620
2/4/2024,20536,26620
2/3/2024,21749,26620
2/2/2024,24718,26620
2/1/2024,24832,26620
1/31/2024,23903,26620
1/30/2024,23841,26620
1/29/2024,23219,26620
1/28/2024,20563,26620
1/27/2024,22522,26620
1/26/2024,24192,26620
1/25/2024,24042,26620
1/24/2024,23597,26620
1/23/2024,23497,26620
1/22/2024,23283,26620
1/21/2024,20467,26620
1/20/2024,21327,26620
1/19/2024,23976,26620
1/18/2024,23845,26620
1/17/2024,22811,26620
1/16/2024,22458,26620
1/15/2024,20926,26620
1/14/2024,20052,26620
1/13/2024,21737,26620
1/12/2024,23573,26620
1/11/2024,23439,26620
1/10/2024,22948,26620
1/9/2024,22861,26620
1/8/2024,21940,26620
1/7/2024,19582,26620
1/6/2024,20754,26620
1/5/2024,23002,26620
1/4/2024,22659,26620
1/3/2024,22887,26620
1/2/2024,22050,26620
1/1/2024,19480,26620
12/31/2023,19714,23620
12/30/2023,20766,23620
12/29/2023,22589,26620
12/28/2023,22600,26620
12/27/2023,22395,26620
12/26/2023,21170,18620
12/25/2023,18692,18620
12/24/2023,19361,18620
12/23/2023,20263,18620
12/22/2023,22464,18620
12/21/2023,22359,18620
12/20/2023,22032,18620
12/19/2023,22331,18620
12/18/2023,22138,18620
12/17/2023,19354,18620
12/16/2023,20524,18620
12/15/2023,21711,18620
12/14/2023,21008,18620
12/13/2023,20706,18620
12/12/2023,20454,18620
12/11/2023,19886,18620
12/10/2023,17593,18620
12/9/2023,19113,18620
12/8/2023,20799,18620
12/7/2023,20906,18620
12/6/2023,20664,18620
12/5/2023,21135,18620
12/4/2023,20863,18620
12/3/2023,18778,18620
12/2/2023,20404,18620
12/1/2023,18725,18620
11/30/2023,15965,18620
11/29/2023,14577,18620
11/28/2023,13984,18620
11/27/2023,13432,18620
11/26/2023,11533,18620
11/25/2023,12361,18620
11/24/2023,13171,18620
11/23/2023,12052,18620
11/22/2023,14305,18620
11/21/2023,15359,18620
11/20/2023,17567,18620
11/19/2023,16684,18620
11/18/2023,17704,18620
11/17/2023,20555,18620
11/16/2023,19932,18620
11/15/2023,21295,18620
11/14/2023,21807,18620
11/13/2023,20991,18620
11/12/2023,18138,18620
11/11/2023,19227,18620
11/10/2023,22439,18620
11/9/2023,22223,18620
11/8/2023,21197,18620
11/7/2023,21447,18620
11/6/2023,20459,18620
11/5/2023,17799,18620
11/4/2023,19092,18620
11/3/2023,21787,18620
11/2/2023,22094,18620
11/1/2023,21766,18620
10/31/2023,20947,18620
10/30/2023,20520,18620
10/29/2023,17220,18620
10/28/2023,18525,18620
10/27/2023,20951,18620
10/26/2023,21017,18620
10/25/2023,20696,18620
10/24/2023,20289,18620
10/23/2023,20186,18620
10/22/2023,17169,18620
10/21/2023,20454,18620
10/20/2023,21554,18620
10/19/2023,20701,18620
10/18/2023,20341,18620
10/17/2023,20061,18620
10/16/2023,20251,18620
10/15/2023,17014,18620
10/14/2023,18112,18620
10/13/2023,20911,18620
10/12/2023,20517,18620
10/11/2023,19859,18620
10/10/2023,19807,18620
10/9/2023,19218,18620
10/8/2023,16645,18620
10/7/2023,17393,18620
10/6/2023,19903,18620
10/5/2023,19613,18620
10/4/2023,19783,18620
10/3/2023,20362,18620
10/2/2023,20026,18620
10/1/2023,16871,18620
9/30/2023,18451,18620
9/29/2023,20355,18620
9/28/2023,19232,18620
9/27/2023,19018,18620
9/26/2023,19079,18620
9/25/2023,18901,18620
9/24/2023,16248,18620
9/23/2023,17590,18620
9/22/2023,19616,18620
9/21/2023,19409,18620
9/20/2023,20012,18620
9/19/2023,18998,18620
9/18/2023,18501,18620
9/17/2023,15512,18620
9/16/2023,16915,18620
9/15/2023,19098,18620
9/14/2023,18487,18620
9/13/2023,19910,18620
9/12/2023,20394,18620
9/11/2023,22425,18620
9/10/2023,19332,18620
9/9/2023,20718,18620
9/8/2023,24568,18620
9/7/2023,24633,18620
9/6/2023,24945,18620
9/5/2023,24968,18620
9/4/2023,22727,18620
9/3/2023,21569,18620
9/2/2023,23412,18620
9/1/2023,27230,18620
8/31/2023,25900,18620
8/30/2023,25847,18620
8/29/2023,24535,18620
8/28/2023,22184,18620
8/27/2023,18070,18620
8/26/2023,19543,18620
8/25/2023,22067,18620
8/24/2023,22592,18620
8/23/2023,22139,18620
8/22/2023,21461,18620
8/21/2023,20567,18620
8/20/2023,17838,18620
8/19/2023,19563,18620
8/18/2023,22112,18620
8/17/2023,21752,18620
8/16/2023,17701,18620
8/15/2023,8939,18620
8/14/2023,8046,18620
8/13/2023,7520,18620
8/12/2023,7960,18620
8/11/2023,8308,18620
8/10/2023,8052,18620
8/9/2023,7576,18620
8/8/2023,7579,18620
8/7/2023,7454,18620
8/6/2023,6927,18620
8/5/2023,7148,18620
8/4/2023,7613,18620
8/3/2023,7068,18620
8/2/2023,7693,18620
8/1/2023,8007,18620
7/31/2023,7752,18620
7/30/2023,7214,18620
7/29/2023,7577,18620
7/28/2023,7949,18620
7/27/2023,7946,18620
7/26/2023,7655,18620
7/25/2023,7405,18620
7/24/2023,7587,18620
7/23/2023,7164,18620
7/22/2023,7404,18620
7/21/2023,7730,18620
7/20/2023,7935,18620
7/19/2023,7758,18620
7/18/2023,7496,18620
7/17/2023,7213,18620
7/16/2023,5674,18620
7/15/2023,6027,18620
7/14/2023,6125,18620
7/13/2023,5670,18620
7/12/2023,5637,18620
7/11/2023,6267,18620
7/10/2023,7058,18620
7/9/2023,6394,18620
7/8/2023,6496,18620
7/7/2023,6286,18620
7/6/2023,6599,18620
7/5/2023,6570,18620
7/4/2023,6003,18620
7/3/2023,6022,18620
7/2/2023,5558,18620
7/1/2023,6155,18620
6/30/2023,6729,18620
6/29/2023,5906,18620
6/28/2023,5917,18620
6/27/2023,5910,18620
6/26/2023,5911,18620
6/25/2023,5511,18620
6/24/2023,5600,18620
6/23/2023,6595,18620
6/22/2023,6393,18620
6/21/2023,6387,18620
6/20/2023,6340,18620
6/19/2023,5828,18620
6/18/2023,5649,18620
6/17/2023,6165,18620
6/16/2023,7187,18620
6/15/2023,6697,18620
6/14/2023,6783,18620
6/13/2023,6863,18620
6/12/2023,6537,18620
6/11/2023,6668,18620
6/10/2023,6778,18620
6/9/2023,6798,18620
6/8/2023,6808,18620
6/7/2023,6950,18620
6/6/2023,7141,18620
6/5/2023,7513,18620
6/4/2023,7454,18620
6/3/2023,7816,18620
6/2/2023,7701,18620
6/1/2023,7590,18620
5/31/2023,7792,18620
5/30/2023,7678,18620
5/29/2023,7613,18620
5/28/2023,7442,18620
5/27/2023,7600,18620
5/26/2023,7717,18620
5/25/2023,7730,18620
5/24/2023,7234,18620
5/23/2023,7221,18620
5/22/2023,7235,18620
5/21/2023,6382,18620
5/20/2023,6656,18620
5/19/2023,7074,18620
5/18/2023,7063,18620
5/17/2023,7254,18620
5/16/2023,7266,18620
5/15/2023,7106,18620
5/14/2023,6534,18620
5/13/2023,6906,18620
5/12/2023,7402,18620
5/11/2023,7622,18620
5/10/2023,7647,18620
5/9/2023,7727,18620
5/8/2023,7584,18620
5/7/2023,6943,18620
5/6/2023,7269,18620
5/5/2023,7636,18620
5/4/2023,7198,18620
5/3/2023,7430,18620
5/2/2023,7749,18620
5/1/2023,7267,18620
4/30/2023,7172,18620
4/29/2023,7481,18620
4/28/2023,7556,18620
4/27/2023,7352,18620
4/26/2023,7618,18620
4/25/2023,8034,18620
4/24/2023,7981,18620
4/23/2023,7492,18620
4/22/2023,7840,18620
4/21/2023,7710,18620
4/20/2023,7061,18620
4/19/2023,6952,18620
4/18/2023,7053,18620
4/17/2023,6880,18620
4/16/2023,6552,18620
4/15/2023,6681,18620
4/14/2023,6902,18620
4/13/2023,6519,18620
4/12/2023,6335,18620
4/11/2023,6171,18620
4/10/2023,6169,18620
4/9/2023,5636,18620
4/8/2023,6051,18620
4/7/2023,6245,18620
4/6/2023,6368,18620
4/5/2023,6259,18620
4/4/2023,6203,18620
4/3/2023,6324,18620
4/2/2023,5934,18620
4/1/2023,6225,18620
3/31/2023,6423,18620
3/30/2023,6409,18620
3/29/2023,6650,18620
3/28/2023,7074,18620
3/27/2023,7014,18620
3/26/2023,6451,18620
3/25/2023,6794,18620
3/24/2023,7119,18620
3/23/2023,6972,18620
3/22/2023,6805,18620
3/21/2023,6511,18620
3/20/2023,6793,18620
3/19/2023,6070,18620
3/18/2023,6447,18620
3/17/2023,6996,18620
3/16/2023,7230,18620
3/15/2023,7110,18620
3/14/2023,6841,18620
3/13/2023,6669,18620
3/12/2023,6090,18620
3/11/2023,6537,18620
3/10/2023,7080,18620
3/9/2023,7144,18620
3/8/2023,6951,18620
3/7/2023,6901,18620
3/6/2023,7255,18620
3/5/2023,6306,18620
3/4/2023,5895,18620
3/3/2023,6200,18620
3/2/2023,6135,18620
3/1/2023,6048,18620
2/28/2023,6012,18620
2/27/2023,6003,18620
2/26/2023,5183,18620
2/25/2023,5195,18620
2/24/2023,5549,18620
2/23/2023,5845,18620
2/22/2023,5877,18620
2/21/2023,5695,18620
2/20/2023,5309,18620
2/19/2023,5110,18620
2/18/2023,5285,18620
2/17/2023,6017,18620
2/16/2023,5929,18620
2/15/2023,5452,18620
2/14/2023,5255,18620
2/13/2023,5018,18620
2/12/2023,4398,18620
2/11/2023,4779,18620
2/10/2023,5391,18620
2/9/2023,5995,18620
2/8/2023,6082,18620
2/7/2023,6444,18620
2/6/2023,6237,18620
2/5/2023,5378,18620
2/4/2023,5639,18620
2/3/2023,6312,18620
2/2/2023,6202,18620
2/1/2023,6125,18620
1/31/2023,5924,18620
1/30/2023,5976,18620
1/29/2023,5220,18620
1/28/2023,5679,18620
1/27/2023,6189,18620
1/26/2023,5987,18620
1/25/2023,5839,18620
1/24/2023,6061,18620
1/23/2023,6061,18620
1/22/2023,5326,18620
1/21/2023,5943,18620
1/20/2023,6530,18620
1/19/2023,6448,18620
1/18/2023,6591,18620
1/17/2023,6647,18620
1/16/2023,5573,18620
1/15/2023,5435,18620
1/14/2023,5852,18620
1/13/2023,6363,18620
1/12/2023,5891,18620
1/11/2023,6140,18620
1/10/2023,6301,18620
1/9/2023,6095,18620
1/8/2023,5314,18620
1/7/2023,5912,18620
1/6/2023,6284,18620
1/5/2023,6450,18620
1/4/2023,6644,18620
1/3/2023,7498,18620
1/2/2023,6964,18620
1/1/2023,6476,18620
12/31/2022,6584,18620
12/30/2022,7121,18620
12/29/2022,7032,18620
12/28/2022,7102,18620
12/27/2022,6892,18620
12/26/2022,6279,18620
12/25/2022,6217,18620
12/24/2022,6559,18620
12/23/2022,7045,18620
12/22/2022,6928,18620
12/21/2022,7190,18620
12/20/2022,7046,18120
12/19/2022,6644,18120
12/18/2022,5088,18120
12/17/2022,6502,18120
12/16/2022,6869,18120
12/15/2022,6708,18120
12/14/2022,5600,18120
12/13/2022,6160,18120
12/12/2022,5865,18120
12/11/2022,5533,18120
12/10/2022,6561,18120
12/9/2022,7098,18120
12/8/2022,7041,18120
12/7/2022,7195,18120
12/6/2022,7117,18120
12/5/2022,6975,18120
12/4/2022,6226,18120
12/3/2022,6825,18120
12/2/2022,7276,18120
12/1/2022,7302,18120
11/30/2022,7025,18620
11/29/2022,7117,18620
11/28/2022,7016,18620
11/27/2022,6275,18620
11/26/2022,6600,18620
11/25/2022,6993,18620
11/24/2022,6625,18620
11/23/2022,6987,18620
11/22/2022,6989,18620
11/21/2022,7006,18620
11/20/2022,6249,18620
11/19/2022,6715,18620
11/18/2022,7049,18620
11/17/2022,6299,18620
11/16/2022,6022,18620
11/15/2022,6191,18620
11/14/2022,6785,18620
11/13/2022,5938,18620
11/12/2022,6381,18620
11/11/2022,6342,18620
11/10/2022,6677,18620
11/9/2022,6417,18620
11/8/2022,6489,18620
11/7/2022,6596,18620
11/6/2022,5878,18620
11/5/2022,6075,18620
11/4/2022,6852,18620
11/3/2022,6992,18620
11/2/2022,6931,18620
11/1/2022,7000,18620
10/31/2022,6420,18620
10/30/2022,5150,18620
10/29/2022,5453,18620
10/28/2022,6807,18620
10/27/2022,6796,18620
10/26/2022,6759,18620
10/25/2022,6493,18620
10/24/2022,6325,18620
10/23/2022,6082,18620
10/22/2022,5747,18620
10/21/2022,5848,18620
10/20/2022,5971,18620
10/19/2022,6011,18620
10/18/2022,5631,18620
10/17/2022,5332,18620
10/16/2022,5106,18620
10/15/2022,5203,18620
10/14/2022,5451,18620
10/13/2022,5289,18620
10/12/2022,5438,18620
10/11/2022,5269,18620
10/10/2022,5201,18620
10/9/2022,5060,18620
10/8/2022,5126,18620
10/7/2022,5202,18620
10/6/2022,5032,18620
10/5/2022,4819,18620
10/4/2022,4936,18620
10/3/2022,5776,18620
10/2/2022,5866,18620
10/1/2022,5874,18620
9/30/2022,6003,18620
9/29/2022,6007,18220
9/28/2022,6020,18220
9/27/2022,5658,18220
9/26/2022,6173,18220
9/25/2022,5841,18220
9/24/2022,5881,18220
9/23/2022,4878,18220
9/22/2022,4847,18220
9/21/2022,4876,18220
9/20/2022,4698,18220
9/19/2022,4723,18220
9/18/2022,4431,18220
9/17/2022,4746,18220
9/16/2022,6230,18220
9/15/2022,6393,18220
9/14/2022,6533,18220
9/13/2022,6447,18220
9/12/2022,6437,18220
9/11/2022,6128,18220
9/10/2022,6058,18220
9/9/2022,5227,18220
9/8/2022,4872,18220
9/7/2022,5468,18220
9/6/2022,5401,18220
9/5/2022,6311,18220
9/4/2022,6114,18220
9/3/2022,6336,18220
9/2/2022,6033,18220
9/1/2022,6087,18220
8/31/2022,5813,18220
8/30/2022,5872,18220
8/29/2022,5558,18220
8/28/2022,5504,18220
8/27/2022,5721,18220
8/26/2022,5352,18220
8/25/2022,4687,18220
8/24/2022,4503,18220
8/23/2022,4787,18220
8/22/2022,4708,18220
8/21/2022,4553,18220
8/20/2022,4828,18220
8/19/2022,4855,18220
8/18/2022,5072,18220
8/17/2022,4997,18220
8/16/2022,4806,18220
8/15/2022,4731,18220
8/14/2022,4487,18220
8/13/2022,4770,18220
8/12/2022,5469,18220
8/11/2022,5375,18220
8/10/2022,5350,18220
8/9/2022,5442,18220
8/8/2022,5502,18220
8/7/2022,4999,18220
8/6/2022,5125,18220
8/5/2022,5224,18220
8/4/2022,5695,18220
8/3/2022,5564,18220
8/2/2022,5466,18220
8/1/2022,5050,18220
7/31/2022,5308,18220
7/30/2022,5706,18220
7/29/2022,5651,18220
7/28/2022,5545,18220
7/27/2022,5414,18220
7/26/2022,5627,18220
7/25/2022,4959,18220
7/24/2022,4961,18220
7/23/2022,5472,18220
7/22/2022,5436,18220
7/21/2022,5083,18220
7/20/2022,5629,18220
7/19/2022,5973,18220
7/18/2022,5201,18220
7/17/2022,5222,18220
7/16/2022,5218,18220
7/15/2022,5358,18220
7/14/2022,5470,18220
7/13/2022,5352,18220
7/12/2022,5326,18220
7/11/2022,5696,18220
7/10/2022,5423,18220
7/9/2022,5524,18220
7/8/2022,5373,18220
7/7/2022,5338,18220
7/6/2022,5587,18220
7/5/2022,5708,18220
7/4/2022,5408,18220
7/3/2022,4817,18220
7/2/2022,5226,18220
7/1/2022,5512,18220
6/30/2022,5428,18220
6/29/2022,5133,18220
6/28/2022,5371,18220
6/27/2022,5010,18220
6/26/2022,4664,18220
6/25/2022,5176,18220
6/24/2022,5721,18220
6/23/2022,5812,18220
6/22/2022,5618,18220
6/21/2022,4928,18220
6/20/2022,4792,18220
6/19/2022,4476,18220
6/18/2022,5549,18220
6/17/2022,5518,18220
6/16/2022,5551,18220
6/15/2022,5427,18220
6/14/2022,5435,18220
6/13/2022,5646,18220
6/12/2022,4723,18220
6/11/2022,5158,18220
6/10/2022,5480,18220
6/9/2022,4783,18220
6/8/2022,4856,18220
6/7/2022,4160,18220
6/6/2022,4739,18220
6/5/2022,4495,18200
6/4/2022,4424,18200
6/3/2022,4777,18200
6/2/2022,4429,18200
6/1/2022,4947,18200
5/31/2022,3748,18200
5/30/2022,3308,18200
5/29/2022,3454,18200
5/28/2022,3085,18200
5/27/2022,2983,18200
5/26/2022,2724,18200
5/25/2022,3121,18200
5/24/2022,3149,18200
5/23/2022,3087,18200
5/22/2022,3198,18200
5/21/2022,3611,18200
5/20/2022,3337,18200
5/19/2022,3232,18200
5/18/2022,2822,18200
5/17/2022,3295,18200
5/16/2022,3232,18200
5/15/2022,3100,18200
5/14/2022,3156,18200
5/13/2022,3305,18200
5/12/2022,3038,18200
5/11/2022,3190,18200
5/10/2022,3219,18200
5/9/2022,2951,18200
5/8/2022,3612,18200
5/7/2022,3180,18200
5/6/2022,3491,18200
5/5/2022,3105,18200
5/4/2022,3179,18200
5/3/2022,2755,18200
5/2/2022,2709,18200
5/1/2022,2732,18200
4/30/2022,2972,18200
4/29/2022,3436,18200
4/28/2022,3067,18200
4/27/2022,3093,18200
4/26/2022,2915,18200
4/25/2022,3389,18200
4/24/2022,2926,18200
4/23/2022,3152,18200
4/22/2022,3212,18200
4/21/2022,3106,18200
4/20/2022,2828,18200
4/19/2022,2929,18200
4/18/2022,3022,18200
4/17/2022,3070,18200
4/16/2022,2884,18200
4/15/2022,3208,18200
4/14/2022,2979,18200
4/13/2022,3394,18200
4/12/2022,2898,18200
4/11/2022,3204,18200
4/10/2022,3004,18200
4/9/2022,3140,18200
4/8/2022,3114,18200
4/7/2022,3156,18200
4/6/2022,3099,18200
4/5/2022,3240,18200
4/4/2022,2655,18200
4/3/2022,3516,18200
4/2/2022,3241,18200
4/1/2022,3316,18200
3/31/2022,3040,18200
3/30/2022,3355,18200
3/29/2022,3414,18200
3/28/2022,3196,18200
3/27/2022,2817,18200
3/26/2022,3454,18200
3/25/2022,2549,18200
3/24/2022,1902,18200
3/23/2022,1923,18200
3/22/2022,1744,18200
3/21/2022,1598,18200
3/20/2022,1577,18200
3/19/2022,1576,18200
3/18/2022,1341,18200
3/17/2022,0,18200
3/16/2022,0,18200
3/15/2022,2280,18200
3/14/2022,2995,18200
3/13/2022,2906,18200
3/12/2022,2744,18200
3/11/2022,2895,18200
3/10/2022,3068,18200
3/9/2022,3020,18200
3/8/2022,2941,18200
3/7/2022,3003,18200
3/6/2022,3101,18200
3/5/2022,3283,18200
3/4/2022,3280,18200
3/3/2022,3574,18200
3/2/2022,3296,18200
3/1/2022,3124,18200
2/28/2022,2933,18200
2/27/2022,2648,18200
2/26/2022,2525,18200
2/25/2022,2539,18200
2/24/2022,2544,18200
2/23/2022,2646,18200
2/22/2022,2576,18200
2/21/2022,3255,18200
2/20/2022,2958,18200
2/19/2022,2948,18200
2/18/2022,3434,18200
2/17/2022,2819,18200
2/16/2022,2999,18200
2/15/2022,3130,18200
2/14/2022,3503,18200
2/13/2022,2943,18200
2/12/2022,2981,18200
2/11/2022,3084,18200
2/10/2022,2708,18200
2/9/2022,3121,18200
2/8/2022,2809,18200
2/7/2022,2855,18200
2/6/2022,2938,18200
2/5/2022,3093,18200
2/4/2022,2939,18200
2/3/2022,2958,18200
2/2/2022,3269,18200
2/1/2022,2618,18200
1/31/2022,2950,18200
1/30/2022,2974,18200
1/29/2022,2949,18200
1/28/2022,2756,18200
1/27/2022,2947,18200
1/26/2022,3021,18200
1/25/2022,2913,18200
1/24/2022,3015,18200
1/23/2022,2502,18200
1/22/2022,3074,18200
1/21/2022,3178,18200
1/20/2022,2812,18200
1/19/2022,2751,18200
1/18/2022,2711,18200
1/17/2022,3105,18200
1/16/2022,2966,18200
1/15/2022,2997,18200
1/14/2022,2454,18200
1/13/2022,2633,18200
1/12/2022,2879,18200
1/11/2022,2990,18200
1/10/2022,2717,18200
1/9/2022,2921,18200
1/8/2022,2176,18200
1/7/2022,2561,18200
1/6/2022,2953,18200
1/5/2022,2779,18200
1/4/2022,2758,18200
1/3/2022,2844,18200
1/2/2022,2802,18200
1/1/2022,2631,18200
12/31/2021,2226,18200
12/30/2021,2511,18200
12/29/2021,3034,18200
12/28/2021,3204,18200
12/27/2021,2677,18200
12/26/2021,2412,18200
12/25/2021,2907,18200
12/24/2021,2684,18200
12/23/2021,2755,18200
12/22/2021,2795,18200
12/21/2021,2881,17800
12/20/2021,2922,17800
12/19/2021,2898,17800
12/18/2021,3056,17800
12/17/2021,2685,17800
12/16/2021,3094,17800
12/15/2021,2983,17800
12/14/2021,3031,17800
12/13/2021,3175,17800
12/12/2021,2886,17800
12/11/2021,2825,17800
12/10/2021,2625,17800
12/9/2021,2723,17800
12/8/2021,2237,17800
12/7/2021,2722,17800
12/6/2021,2410,17800
12/5/2021,2601,17800
12/4/2021,3045,17800
12/3/2021,3523,17800
12/2/2021,3628,17800
12/1/2021,3029,17800
11/30/2021,3324,17800
11/29/2021,3257,17800
11/28/2021,2798,17800
11/27/2021,3387,17800
11/26/2021,2698,17800
11/25/2021,2499,17800
11/24/2021,4075,17800
11/23/2021,4221,17800
11/22/2021,4134,17300
11/21/2021,4012,17300
11/20/2021,4115,17300
11/19/2021,4167,17300
11/18/2021,4461,17300
11/17/2021,4399,17300
11/16/2021,3244,17300
11/15/2021,2813,17300
11/14/2021,2641,17300
11/13/2021,2658,17300
11/12/2021,2451,17300
11/11/2021,2759,17300
11/10/2021,2154,17300
11/9/2021,2518,17300
11/8/2021,2192,17300
11/7/2021,2281,17300
11/6/2021,2246,17300
11/5/2021,2115,17300
11/4/2021,2497,17300
11/3/2021,2229,17300
11/2/2021,2082,17300
11/1/2021,2357,17300
10/31/2021,2341,17300
10/30/2021,2365,17300
10/29/2021,2272,17300
10/28/2021,1837,17300
10/27/2021,2234,17300
10/26/2021,2512,17300
10/25/2021,2232,17300
10/24/2021,2400,17300
10/23/2021,2522,17300
10/22/2021,2239,17300
10/21/2021,2072,17300
10/20/2021,1561,17300
10/19/2021,1555,17300
10/18/2021,1665,17300
10/17/2021,1562,17300
10/16/2021,1656,17300
10/15/2021,1676,17300
10/14/2021,2074,17300
10/13/2021,2409,17300
10/12/2021,2215,17300
10/11/2021,2492,17300
10/10/2021,2662,17300
10/9/2021,2537,17300
10/8/2021,2459,17300
10/7/2021,2497,17300
10/6/2021,2453,17300
10/5/2021,2294,17300
10/4/2021,2434,17300
10/3/2021,2509,17300
10/2/2021,2445,17300
10/1/2021,2368,17300
9/30/2021,2246,17300
9/29/2021,2371,17300
9/28/2021,2315,17300
9/27/2021,2220,17300
9/26/2021,2417,17300
9/25/2021,2211,17300
9/24/2021,2951,17300
9/23/2021,2060,17300
9/22/2021,2490,17300
9/21/2021,2894,17300
9/20/2021,2635,17300
9/19/2021,2203,17300
9/18/2021,2717,17300
9/17/2021,2472,17300
9/16/2021,2744,17300
9/15/2021,2432,17300
9/14/2021,2843,17300
9/13/2021,2831,17300
9/12/2021,2848,17300
9/11/2021,3228,17300
9/10/2021,2050,17300
9/9/2021,1212,17300
9/8/2021,2169,17300
9/7/2021,2595,17300
9/6/2021,2429,17300
9/5/2021,2464,17300
9/4/2021,3671,17300
9/3/2021,4022,17300
9/2/2021,4176,17300
9/1/2021,4108,17300
8/31/2021,4036,17300
8/30/2021,4358,17300
8/29/2021,4233,17300
8/24/2021,1674,18300
8/23/2021,1846,18300
8/22/2021,1090,18300
8/21/2021,0,18300
8/20/2021,0,18300
8/19/2021,929,18300
8/18/2021,1709,18300
8/17/2021,0,18300
8/16/2021,779,18300
8/15/2021,1725,18300
8/14/2021,303,18300
8/13/2021,1362,18300
8/12/2021,1838,18300
8/11/2021,2416,18300
8/10/2021,2182,18300
8/9/2021,1620,18300
8/8/2021,0,18300
8/7/2021,2291,18300
8/6/2021,1716,18300
8/5/2021,587,18300
8/4/2021,0,18300
8/3/2021,1968,18100
8/2/2021,1543,17900
8/1/2021,914,17700
7/31/2021,1988,17700
7/30/2021,1641,17700
7/29/2021,262,17700
7/28/2021,544,17700
7/27/2021,245,17700
7/26/2021,768,17700
7/25/2021,203,17700
7/24/2021,0,17700
7/23/2021,1089,17700
7/22/2021,97,17700
7/21/2021,0,17700
7/20/2021,880,17700
7/19/2021,0,17700
7/18/2021,0,17700
7/17/2021,0,17700
7/16/2021,0,17700
7/15/2021,0,17700
7/14/2021,0,17300
7/13/2021,247,17300
7/12/2021,798,17300
7/11/2021,0,17300
7/10/2021,724,17300
7/9/2021,2866,17300
7/8/2021,0,17300
7/7/2021,0,17300
7/6/2021,1493,17300
7/5/2021,2098,17300
7/4/2021,2117,17300
7/3/2021,3316,17300
7/2/2021,1715,17300
7/1/2021,2386,17300
6/30/2021,0,16500
6/29/2021,2106,16500
6/28/2021,206,16500
6/27/2021,0,16500
6/26/2021,2317,16500
6/25/2021,847,16500
6/24/2021,1681,16500
6/23/2021,0,16500
6/22/2021,1426,16500
6/21/2021,1181,16500
6/20/2021,2120,16500
6/19/2021,1635,16500
6/18/2021,1210,16500
6/17/2021,0,16500
6/16/2021,974,16500
6/15/2021,1271,16500
6/14/2021,603,16500
6/13/2021,761,16500
6/12/2021,0,16500
6/11/2021,0,16500
6/10/2021,142,16500
6/9/2021,22,16500
6/8/2021,18,16500
6/7/2021,0,16500
6/6/2021,0,16500
6/5/2021,1,16500
6/4/2021,0,16500
6/3/2021,0,16500
6/2/2021,0,16500
6/1/2021,0,16500
5/31/2021,0,16500
5/30/2021,0,16500
5/29/2021,1,16500
5/28/2021,0,16500
5/27/2021,0,16500
5/26/2021,0,16500
5/25/2021,0,16500
5/24/2021,0,16500
5/23/2021,0,16500
5/22/2021,1,16500
5/21/2021,1,16500
5/20/2021,0,16500
5/19/2021,0,16500
5/18/2021,0,16500
5/17/2021,0,16500
5/16/2021,0,16500
5/15/2021,0,16500
5/14/2021,0,16500
5/13/2021,1,16500
5/12/2021,0,16500
5/11/2021,3,16500
5/10/2021,0,16500
5/9/2021,0,16500
5/8/2021,0,16500
5/7/2021,1,16500
5/6/2021,1,16500
5/5/2021,0,16500
5/4/2021,0,16500
5/3/2021,1,16500
5/2/2021,0,16500
5/1/2021,1,16500
4/30/2021,0,16500
4/29/2021,0,16500
4/28/2021,1,16500
4/27/2021,1,16500
4/26/2021,0,16500
4/25/2021,1,16500
4/24/2021,0,16500
4/23/2021,1,16500
4/22/2021,0,16500
4/21/2021,0,16500
4/20/2021,1,16500
4/19/2021,0,16500
4/18/2021,0,16500
4/17/2021,0,16500
4/16/2021,0,16500
4/15/2021,0,16500
4/14/2021,0,16500
4/13/2021,0,16500
4/12/2021,0,16500
4/11/2021,0,16500
4/10/2021,0,16500
4/9/2021,1,16500
4/8/2021,1,16500
4/7/2021,0,16500
4/6/2021,0,16500
4/5/2021,0,16500
4/4/2021,0,16500
4/3/2021,0,16500
4/2/2021,1,16500
4/1/2021,0,16500
3/31/2021,0,16500
3/30/2021,0,16500
3/29/2021,0,16500
3/28/2021,1,16500
3/27/2021,0,16500
3/26/2021,0,16500
3/25/2021,0,16500
3/24/2021,0,16500
3/23/2021,0,16500
3/22/2021,0,16500
3/21/2021,0,16500
3/20/2021,0,16500
3/19/2021,0,16500
3/18/2021,0,16500
3/17/2021,0,16500
3/16/2021,0,16500
3/15/2021,0,16500
3/14/2021,0,16500
3/13/2021,0,16500
3/12/2021,0,16500
3/11/2021,0,16500
3/10/2021,0,16500
3/9/2021,0,16500
3/8/2021,0,16500
3/7/2021,0,16500
3/6/2021,0,16500
3/5/2021,0,16500
3/4/2021,0,16500
3/3/2021,0,16500
3/2/2021,0,16500
3/1/2021,0,16500
2/28/2021,0,16500
2/27/2021,0,16500
2/26/2021,0,16500
2/25/2021,0,16500
2/24/2021,0,16500
2/23/2021,0,16500
2/22/2021,0,16500
2/21/2021,0,16500
2/20/2021,0,16500
2/19/2021,0,16500
2/18/2021,0,16500
2/17/2021,0,16500
2/16/2021,0,16500
2/15/2021,0,16500
2/14/2021,0,16500
2/13/2021,0,16500
2/12/2021,0,16500
2/11/2021,0,16500
2/10/2021,0,16500
2/9/2021,0,16500
2/8/2021,0,16500
2/7/2021,0,16500
2/6/2021,0,16500
2/5/2021,0,16500
2/4/2021,0,16500
2/3/2021,0,16500
2/2/2021,0,16500
2/1/2021,0,16500
1/31/2021,0,16500
1/30/2021,0,16500
1/29/2021,0,16500
1/28/2021,0,16500
1/27/2021,0,16500
1/26/2021,0,16500
1/25/2021,0,16500